timestamp,Sonar_normal,Sonar_abnormal,Thruster_normal,Thruster_abnormal
1774877514.299,1.000,0.000,1.000,0.000
1774877514.309,1.000,0.000,1.000,0.000
1774877514.319,1.000,0.000,0.960,0.040
1774877514.329,0.937,0.063,0.900,0.100
1774877514.339,1.000,0.000,0.705,0.295
1774877514.349,0.890,0.110,1.000,0.000
1774877514.359,0.821,0.179,1.000,0.000
1774877514.370,1.000,0.000,1.000,0.000
1774877514.380,1.000,0.000,1.000,0.000
1774877514.390,1.000,0.000,1.000,0.000
1774877514.400,1.000,0.000,1.000,0.000
1774877514.410,1.000,0.000,0.777,0.223
1774877514.420,1.000,0.000,1.000,0.000
1774877514.431,1.000,0.000,1.000,0.000
1774877514.441,1.000,0.000,1.000,0.000
1774877514.451,1.000,0.000,1.000,0.000
1774877514.461,1.000,0.000,1.000,0.000
1774877514.471,1.000,0.000,1.000,0.000
1774877514.482,0.893,0.107,0.823,0.177
1774877514.492,1.000,0.000,1.000,0.000
1774877514.502,1.000,0.000,1.000,0.000
1774877514.512,0.940,0.060,0.887,0.113
1774877514.522,1.000,0.000,1.000,0.000
1774877514.533,0.966,0.034,0.979,0.021
1774877514.543,1.000,0.000,1.000,0.000
1774877514.553,0.002,0.998,1.000,0.000
1774877514.563,0.963,0.037,1.000,0.000
1774877514.573,1.000,0.000,0.720,0.280
1774877514.583,1.000,0.000,1.000,0.000
1774877514.593,0.000,1.000,0.709,0.291
1774877514.604,0.000,1.000,1.000,0.000
1774877514.614,0.000,1.000,1.000,0.000
1774877514.624,0.000,1.000,1.000,0.000
1774877514.634,0.000,1.000,0.640,0.360
1774877514.644,0.000,1.000,1.000,0.000
1774877514.654,0.000,1.000,0.641,0.359
1774877514.664,0.000,1.000,0.754,0.246
1774877514.675,0.000,1.000,0.683,0.317
1774877514.685,0.000,1.000,1.000,0.000
1774877514.695,0.000,1.000,1.000,0.000
1774877514.705,0.000,1.000,1.000,0.000
1774877514.716,0.000,1.000,1.000,0.000
1774877514.726,0.000,1.000,0.768,0.232
1774877514.736,0.000,1.000,1.000,0.000
1774877514.746,0.000,1.000,1.000,0.000
1774877514.757,0.000,1.000,1.000,0.000
1774877514.767,0.000,1.000,0.633,0.367
1774877514.777,0.000,1.000,1.000,0.000
1774877514.787,0.000,1.000,1.000,0.000
1774877514.797,0.000,1.000,1.000,0.000
1774877514.808,0.000,1.000,1.000,0.000
1774877514.818,0.000,1.000,1.000,0.000
1774877514.828,1.000,0.000,1.000,0.000
1774877514.838,1.000,0.000,1.000,0.000
1774877514.849,1.000,0.000,1.000,0.000
1774877514.859,1.000,0.000,1.000,0.000
1774877514.869,0.802,0.198,0.589,0.411
1774877514.879,1.000,0.000,1.000,0.000
1774877514.890,1.000,0.000,1.000,0.000
1774877514.900,1.000,0.000,1.000,0.000
1774877514.910,1.000,0.000,1.000,0.000
1774877514.920,0.000,1.000,0.439,0.561
1774877514.931,0.000,1.000,1.000,0.000
1774877514.941,0.000,1.000,1.000,0.000
1774877514.951,0.000,1.000,1.000,0.000
1774877514.961,0.000,1.000,1.000,0.000
1774877514.971,0.000,1.000,1.000,0.000
1774877514.982,0.000,1.000,1.000,0.000
1774877514.992,0.000,1.000,1.000,0.000
1774877515.002,0.000,1.000,1.000,0.000
1774877515.012,0.000,1.000,1.000,0.000
1774877515.023,0.000,1.000,1.000,0.000
1774877515.033,0.000,1.000,1.000,0.000
1774877515.043,0.000,1.000,1.000,0.000
1774877515.053,0.000,1.000,1.000,0.000
1774877515.064,0.000,1.000,1.000,0.000
1774877515.074,0.000,1.000,1.000,0.000
1774877515.084,0.000,1.000,1.000,0.000
1774877515.094,1.000,0.000,1.000,0.000
1774877515.104,1.000,0.000,1.000,0.000
1774877515.115,1.000,0.000,1.000,0.000
1774877515.125,1.000,0.000,1.000,0.000
1774877515.135,1.000,0.000,1.000,0.000
1774877515.145,1.000,0.000,1.000,0.000
1774877515.156,1.000,0.000,1.000,0.000
1774877515.166,1.000,0.000,1.000,0.000
1774877515.176,1.000,0.000,1.000,0.000
1774877515.186,0.977,0.023,0.881,0.119
1774877515.197,1.000,0.000,1.000,0.000
1774877515.207,1.000,0.000,0.643,0.357
1774877515.217,1.000,0.000,1.000,0.000
1774877515.227,0.918,0.082,1.000,0.000
1774877515.238,0.925,0.075,1.000,0.000
1774877515.248,1.000,0.000,1.000,0.000
1774877515.258,0.848,0.152,1.000,0.000
1774877515.268,1.000,0.000,0.762,0.238
1774877515.279,1.000,0.000,1.000,0.000
1774877515.289,1.000,0.000,1.000,0.000
1774877515.299,0.965,0.035,1.000,0.000
1774877515.309,1.000,0.000,1.000,0.000
1774877515.320,1.000,0.000,1.000,0.000
1774877515.330,0.000,1.000,1.000,0.000
1774877515.340,0.000,1.000,1.000,0.000
1774877515.350,0.149,0.851,1.000,0.000
1774877515.361,1.000,0.000,1.000,0.000
1774877515.371,0.776,0.224,0.805,0.195
1774877515.381,1.000,0.000,1.000,0.000
1774877515.391,1.000,0.000,1.000,0.000
1774877515.402,1.000,0.000,1.000,0.000
1774877515.412,1.000,0.000,1.000,0.000
1774877515.422,1.000,0.000,1.000,0.000
1774877515.432,1.000,0.000,1.000,0.000
1774877515.443,0.508,0.492,1.000,0.000
1774877515.453,1.000,0.000,1.000,0.000
1774877515.463,1.000,0.000,1.000,0.000
1774877515.473,1.000,0.000,1.000,0.000
1774877515.484,1.000,0.000,1.000,0.000
1774877515.494,1.000,0.000,1.000,0.000
1774877515.504,1.000,0.000,1.000,0.000
1774877515.514,0.503,0.497,1.000,0.000
1774877515.525,0.956,0.044,1.000,0.000
1774877515.535,1.000,0.000,1.000,0.000
1774877515.545,0.000,1.000,1.000,0.000
1774877515.555,0.000,1.000,1.000,0.000
1774877515.566,0.000,1.000,1.000,0.000
1774877515.576,0.036,0.964,1.000,0.000
1774877515.586,0.000,1.000,1.000,0.000
1774877515.596,0.000,1.000,1.000,0.000
1774877515.607,0.000,1.000,1.000,0.000
1774877515.617,0.000,1.000,1.000,0.000
1774877515.627,0.942,0.058,1.000,0.000
1774877515.637,1.000,0.000,1.000,0.000
1774877515.648,1.000,0.000,1.000,0.000
1774877515.658,1.000,0.000,1.000,0.000
1774877515.668,1.000,0.000,1.000,0.000
1774877515.678,1.000,0.000,1.000,0.000
1774877515.689,1.000,0.000,1.000,0.000
1774877515.699,1.000,0.000,1.000,0.000
1774877515.709,1.000,0.000,1.000,0.000
1774877515.719,1.000,0.000,1.000,0.000
1774877515.730,1.000,0.000,1.000,0.000
1774877515.740,1.000,0.000,1.000,0.000
1774877515.750,1.000,0.000,0.960,0.040
1774877515.760,1.000,0.000,1.000,0.000
1774877515.771,1.000,0.000,1.000,0.000
1774877515.781,1.000,0.000,1.000,0.000
1774877515.791,1.000,0.000,1.000,0.000
1774877515.801,0.000,1.000,1.000,0.000
1774877515.811,0.000,1.000,1.000,0.000
1774877515.822,0.000,1.000,1.000,0.000
1774877515.832,0.000,1.000,1.000,0.000
1774877515.842,0.000,1.000,1.000,0.000
1774877515.853,0.000,1.000,1.000,0.000
1774877515.863,0.000,1.000,1.000,0.000
1774877515.873,0.000,1.000,1.000,0.000
1774877515.883,0.000,1.000,1.000,0.000
1774877515.893,1.000,0.000,1.000,0.000
1774877515.904,0.979,0.021,1.000,0.000
1774877515.914,0.560,0.440,1.000,0.000
1774877515.924,1.000,0.000,1.000,0.000
1774877515.934,1.000,0.000,1.000,0.000
1774877515.945,1.000,0.000,1.000,0.000
1774877515.955,0.877,0.123,0.696,0.304
1774877515.965,1.000,0.000,1.000,0.000
1774877515.975,1.000,0.000,1.000,0.000
1774877515.985,1.000,0.000,1.000,0.000
1774877515.995,1.000,0.000,1.000,0.000
1774877516.006,1.000,0.000,1.000,0.000
1774877516.016,1.000,0.000,1.000,0.000
1774877516.026,1.000,0.000,1.000,0.000
1774877516.036,1.000,0.000,1.000,0.000
1774877516.047,1.000,0.000,0.562,0.438
1774877516.057,1.000,0.000,1.000,0.000
1774877516.067,1.000,0.000,1.000,0.000
1774877516.077,1.000,0.000,1.000,0.000
1774877516.088,1.000,0.000,0.628,0.372
1774877516.098,1.000,0.000,1.000,0.000
1774877516.108,1.000,0.000,1.000,0.000
1774877516.118,1.000,0.000,1.000,0.000
1774877516.128,0.856,0.144,1.000,0.000
1774877516.139,1.000,0.000,1.000,0.000
1774877516.149,0.000,1.000,1.000,0.000
1774877516.159,1.000,0.000,1.000,0.000
1774877516.169,1.000,0.000,1.000,0.000
1774877516.180,1.000,0.000,1.000,0.000
1774877516.190,1.000,0.000,1.000,0.000
1774877516.200,1.000,0.000,1.000,0.000
1774877516.210,0.000,1.000,1.000,0.000
1774877516.221,0.000,1.000,1.000,0.000
1774877516.231,0.000,1.000,1.000,0.000
1774877516.241,0.000,1.000,1.000,0.000
1774877516.251,0.000,1.000,0.945,0.055
1774877516.262,0.000,1.000,0.621,0.379
1774877516.272,0.000,1.000,1.000,0.000
1774877516.282,0.000,1.000,1.000,0.000
1774877516.292,0.000,1.000,1.000,0.000
1774877516.303,0.000,1.000,1.000,0.000
1774877516.313,0.000,1.000,0.692,0.308
1774877516.323,0.000,1.000,1.000,0.000
1774877516.333,0.000,1.000,1.000,0.000
1774877516.344,0.000,1.000,1.000,0.000
1774877516.354,0.000,1.000,1.000,0.000
1774877516.364,0.000,1.000,1.000,0.000
1774877516.374,0.000,1.000,1.000,0.000
1774877516.384,0.099,0.901,1.000,0.000
1774877516.395,0.000,1.000,1.000,0.000
1774877516.405,0.201,0.799,1.000,0.000
1774877516.415,0.000,1.000,1.000,0.000
1774877516.425,1.000,0.000,1.000,0.000
1774877516.436,0.000,1.000,1.000,0.000
1774877516.446,0.000,1.000,1.000,0.000
1774877516.456,0.000,1.000,1.000,0.000
1774877516.466,0.000,1.000,0.700,0.300
1774877516.477,0.000,1.000,1.000,0.000
1774877516.487,0.000,1.000,1.000,0.000
1774877516.497,0.000,1.000,0.557,0.443
1774877516.507,0.000,1.000,1.000,0.000
1774877516.518,0.000,1.000,1.000,0.000
1774877516.528,0.000,1.000,1.000,0.000
1774877516.538,0.000,1.000,0.797,0.203
1774877516.548,0.000,1.000,1.000,0.000
1774877516.559,0.000,1.000,1.000,0.000
1774877516.569,0.000,1.000,1.000,0.000
1774877516.579,0.000,1.000,1.000,0.000
1774877516.589,0.000,1.000,1.000,0.000
1774877516.600,0.000,1.000,1.000,0.000
1774877516.610,0.000,1.000,1.000,0.000
1774877516.620,0.000,1.000,1.000,0.000
1774877516.630,0.000,1.000,1.000,0.000
1774877516.640,0.000,1.000,1.000,0.000
1774877516.651,0.000,1.000,1.000,0.000
1774877516.661,0.000,1.000,1.000,0.000
1774877516.671,0.000,1.000,0.915,0.085
1774877516.681,0.000,1.000,1.000,0.000
1774877516.692,1.000,0.000,1.000,0.000
1774877516.702,1.000,0.000,1.000,0.000
1774877516.712,1.000,0.000,1.000,0.000
1774877516.722,0.797,0.203,1.000,0.000
1774877516.733,1.000,0.000,1.000,0.000
1774877516.743,1.000,0.000,1.000,0.000
1774877516.753,1.000,0.000,1.000,0.000
1774877516.763,1.000,0.000,0.656,0.344
1774877516.774,1.000,0.000,0.694,0.306
1774877516.784,1.000,0.000,1.000,0.000
1774877516.794,1.000,0.000,1.000,0.000
1774877516.804,1.000,0.000,1.000,0.000
1774877516.815,1.000,0.000,1.000,0.000
1774877516.825,1.000,0.000,1.000,0.000
1774877516.835,1.000,0.000,1.000,0.000
1774877516.845,0.600,0.400,1.000,0.000
1774877516.856,0.843,0.157,1.000,0.000
1774877516.866,1.000,0.000,1.000,0.000
1774877516.876,1.000,0.000,1.000,0.000
1774877516.886,1.000,0.000,1.000,0.000
1774877516.897,1.000,0.000,1.000,0.000
1774877516.907,0.000,1.000,1.000,0.000
1774877516.917,0.466,0.534,1.000,0.000
1774877516.927,0.000,1.000,0.552,0.448
1774877516.938,0.025,0.975,1.000,0.000
1774877516.948,0.000,1.000,0.492,0.508
1774877516.958,1.000,0.000,1.000,0.000
1774877516.968,1.000,0.000,1.000,0.000
1774877516.979,0.827,0.173,1.000,0.000
1774877516.989,1.000,0.000,1.000,0.000
1774877516.999,1.000,0.000,1.000,0.000
1774877517.009,1.000,0.000,0.753,0.247
1774877517.019,1.000,0.000,1.000,0.000
1774877517.030,1.000,0.000,1.000,0.000
1774877517.040,0.966,0.034,1.000,0.000
1774877517.050,1.000,0.000,0.440,0.560
1774877517.060,1.000,0.000,1.000,0.000
1774877517.071,1.000,0.000,1.000,0.000
1774877517.081,1.000,0.000,1.000,0.000
1774877517.091,1.000,0.000,1.000,0.000
1774877517.101,1.000,0.000,1.000,0.000
1774877517.112,1.000,0.000,1.000,0.000
1774877517.122,1.000,0.000,1.000,0.000
1774877517.132,1.000,0.000,1.000,0.000
1774877517.142,1.000,0.000,0.784,0.216
1774877517.153,1.000,0.000,1.000,0.000
1774877517.163,1.000,0.000,1.000,0.000
1774877517.173,0.000,1.000,1.000,0.000
1774877517.183,0.000,1.000,1.000,0.000
1774877517.194,0.000,1.000,1.000,0.000
1774877517.204,0.000,1.000,1.000,0.000
1774877517.214,0.000,1.000,1.000,0.000
1774877517.224,1.000,0.000,1.000,0.000
1774877517.235,1.000,0.000,0.969,0.031
1774877517.245,1.000,0.000,1.000,0.000
1774877517.255,1.000,0.000,1.000,0.000
1774877517.265,1.000,0.000,0.919,0.081
1774877517.276,1.000,0.000,0.826,0.174
1774877517.286,1.000,0.000,1.000,0.000
1774877517.296,1.000,0.000,0.802,0.198
1774877517.306,1.000,0.000,1.000,0.000
1774877517.317,1.000,0.000,1.000,0.000
1774877517.327,1.000,0.000,0.752,0.248
1774877517.337,0.028,0.972,1.000,0.000
1774877517.347,0.000,1.000,1.000,0.000
1774877517.357,0.000,1.000,1.000,0.000
1774877517.368,0.000,1.000,0.664,0.336
1774877517.378,0.000,1.000,1.000,0.000
1774877517.388,0.000,1.000,1.000,0.000
1774877517.398,0.000,1.000,1.000,0.000
1774877517.409,0.000,1.000,1.000,0.000
1774877517.419,0.000,1.000,1.000,0.000
1774877517.429,0.000,1.000,1.000,0.000
1774877517.439,0.000,1.000,0.992,0.008
1774877517.450,0.000,1.000,1.000,0.000
1774877517.460,0.000,1.000,1.000,0.000
1774877517.470,0.000,1.000,1.000,0.000
1774877517.480,0.000,1.000,1.000,0.000
1774877517.491,1.000,0.000,1.000,0.000
1774877517.501,1.000,0.000,0.512,0.488
1774877517.511,1.000,0.000,1.000,0.000
1774877517.521,1.000,0.000,1.000,0.000
1774877517.532,0.987,0.013,1.000,0.000
1774877517.542,1.000,0.000,1.000,0.000
1774877517.552,1.000,0.000,1.000,0.000
1774877517.562,1.000,0.000,0.897,0.103
1774877517.573,1.000,0.000,1.000,0.000
1774877517.583,1.000,0.000,1.000,0.000
1774877517.593,0.418,0.582,1.000,0.000
1774877517.603,1.000,0.000,1.000,0.000
1774877517.614,1.000,0.000,1.000,0.000
1774877517.624,1.000,0.000,1.000,0.000
1774877517.634,1.000,0.000,1.000,0.000
1774877517.644,1.000,0.000,1.000,0.000
1774877517.655,1.000,0.000,1.000,0.000
1774877517.665,1.000,0.000,1.000,0.000
1774877517.675,1.000,0.000,1.000,0.000
1774877517.685,0.000,1.000,1.000,0.000
1774877517.696,0.000,1.000,1.000,0.000
1774877517.706,0.016,0.984,1.000,0.000
1774877517.716,0.000,1.000,1.000,0.000
1774877517.726,0.086,0.914,1.000,0.000
1774877517.737,0.480,0.520,1.000,0.000
1774877517.747,0.000,1.000,1.000,0.000
1774877517.757,1.000,0.000,0.811,0.189
1774877517.767,1.000,0.000,1.000,0.000
1774877517.777,1.000,0.000,1.000,0.000
1774877517.788,1.000,0.000,1.000,0.000
1774877517.798,1.000,0.000,1.000,0.000
1774877517.808,1.000,0.000,1.000,0.000
1774877517.818,1.000,0.000,1.000,0.000
1774877517.829,1.000,0.000,1.000,0.000
1774877517.839,1.000,0.000,0.290,0.710
1774877517.849,1.000,0.000,1.000,0.000
1774877517.859,1.000,0.000,1.000,0.000
1774877517.870,1.000,0.000,1.000,0.000
1774877517.880,1.000,0.000,1.000,0.000
1774877517.890,1.000,0.000,1.000,0.000
1774877517.900,0.448,0.552,1.000,0.000
1774877517.911,1.000,0.000,1.000,0.000
1774877517.921,0.514,0.486,0.252,0.748
1774877517.931,1.000,0.000,1.000,0.000
1774877517.941,0.338,0.662,1.000,0.000
1774877517.952,1.000,0.000,0.892,0.108
1774877517.962,1.000,0.000,0.931,0.069
1774877517.972,0.000,1.000,1.000,0.000
1774877517.982,0.000,1.000,1.000,0.000
1774877517.993,0.000,1.000,0.620,0.380
1774877518.003,0.000,1.000,1.000,0.000
1774877518.013,0.000,1.000,1.000,0.000
1774877518.023,1.000,0.000,1.000,0.000
1774877518.034,1.000,0.000,0.994,0.006
1774877518.044,1.000,0.000,1.000,0.000
1774877518.054,1.000,0.000,0.981,0.019
1774877518.064,1.000,0.000,0.721,0.279
1774877518.074,1.000,0.000,0.802,0.198
1774877518.085,0.815,0.185,1.000,0.000
1774877518.095,0.000,1.000,1.000,0.000
1774877518.105,0.000,1.000,1.000,0.000
1774877518.115,0.000,1.000,1.000,0.000
1774877518.126,0.000,1.000,1.000,0.000
1774877518.136,0.000,1.000,1.000,0.000
1774877518.146,0.000,1.000,1.000,0.000
1774877518.156,0.000,1.000,1.000,0.000
1774877518.167,0.000,1.000,1.000,0.000
1774877518.177,0.000,1.000,1.000,0.000
1774877518.187,0.000,1.000,1.000,0.000
1774877518.197,0.000,1.000,1.000,0.000
1774877518.208,0.000,1.000,0.526,0.474
1774877518.218,0.000,1.000,0.988,0.012
1774877518.228,0.140,0.860,1.000,0.000
1774877518.238,0.000,1.000,0.972,0.028
1774877518.249,0.000,1.000,1.000,0.000
1774877518.259,0.000,1.000,1.000,0.000
1774877518.269,0.000,1.000,1.000,0.000
1774877518.279,0.000,1.000,1.000,0.000
1774877518.290,1.000,0.000,1.000,0.000
1774877518.300,0.945,0.055,1.000,0.000
1774877518.310,1.000,0.000,1.000,0.000
1774877518.320,1.000,0.000,1.000,0.000
1774877518.331,0.862,0.138,1.000,0.000
1774877518.341,0.000,1.000,1.000,0.000
1774877518.351,0.000,1.000,1.000,0.000
1774877518.361,0.000,1.000,1.000,0.000
1774877518.371,0.000,1.000,1.000,0.000
1774877518.382,0.045,0.955,1.000,0.000
1774877518.392,0.000,1.000,1.000,0.000
1774877518.402,0.000,1.000,0.858,0.142
1774877518.412,0.000,1.000,1.000,0.000
1774877518.423,0.000,1.000,1.000,0.000
1774877518.433,0.000,1.000,1.000,0.000
1774877518.443,0.000,1.000,1.000,0.000
1774877518.453,0.000,1.000,1.000,0.000
1774877518.464,0.000,1.000,0.796,0.204
1774877518.474,0.000,1.000,1.000,0.000
1774877518.484,0.377,0.623,1.000,0.000
1774877518.494,0.000,1.000,1.000,0.000
1774877518.505,0.000,1.000,1.000,0.000
1774877518.515,0.000,1.000,0.872,0.128
1774877518.525,0.000,1.000,0.350,0.650
1774877518.535,0.000,1.000,1.000,0.000
1774877518.546,0.000,1.000,1.000,0.000
1774877518.556,1.000,0.000,1.000,0.000
1774877518.566,1.000,0.000,1.000,0.000
1774877518.576,1.000,0.000,1.000,0.000
1774877518.587,0.839,0.161,1.000,0.000
1774877518.597,1.000,0.000,1.000,0.000
1774877518.607,1.000,0.000,1.000,0.000
1774877518.617,1.000,0.000,1.000,0.000
1774877518.628,1.000,0.000,1.000,0.000
1774877518.638,0.909,0.091,1.000,0.000
1774877518.648,1.000,0.000,1.000,0.000
1774877518.658,0.000,1.000,1.000,0.000
1774877518.669,0.000,1.000,1.000,0.000
1774877518.679,0.000,1.000,1.000,0.000
1774877518.689,0.000,1.000,0.942,0.058
1774877518.699,0.000,1.000,1.000,0.000
1774877518.710,0.000,1.000,1.000,0.000
1774877518.720,0.149,0.851,1.000,0.000
1774877518.730,0.000,1.000,1.000,0.000
1774877518.740,0.000,1.000,1.000,0.000
1774877518.751,0.000,1.000,1.000,0.000
1774877518.761,0.000,1.000,1.000,0.000
1774877518.771,0.000,1.000,1.000,0.000
1774877518.781,0.000,1.000,1.000,0.000
1774877518.791,0.000,1.000,0.506,0.494
1774877518.802,0.000,1.000,1.000,0.000
1774877518.812,0.000,1.000,1.000,0.000
1774877518.822,1.000,0.000,1.000,0.000
1774877518.832,0.927,0.073,1.000,0.000
1774877518.843,1.000,0.000,1.000,0.000
1774877518.853,1.000,0.000,1.000,0.000
1774877518.863,1.000,0.000,1.000,0.000
1774877518.873,1.000,0.000,1.000,0.000
1774877518.884,0.000,1.000,1.000,0.000
1774877518.894,0.000,1.000,1.000,0.000
1774877518.904,0.000,1.000,1.000,0.000
1774877518.914,0.000,1.000,1.000,0.000
1774877518.925,0.244,0.756,1.000,0.000
1774877518.935,0.000,1.000,1.000,0.000
1774877518.945,0.367,0.633,1.000,0.000
1774877518.955,0.000,1.000,0.935,0.065
1774877518.966,0.000,1.000,1.000,0.000
1774877518.976,0.000,1.000,1.000,0.000
1774877518.986,0.000,1.000,1.000,0.000
1774877518.996,0.028,0.972,0.715,0.285
1774877519.006,0.000,1.000,1.000,0.000
1774877519.017,0.000,1.000,1.000,0.000
1774877519.027,0.062,0.938,1.000,0.000
1774877519.037,0.000,1.000,1.000,0.000
1774877519.047,0.000,1.000,1.000,0.000
1774877519.058,0.000,1.000,0.877,0.123
1774877519.068,0.000,1.000,1.000,0.000
1774877519.078,0.155,0.845,1.000,0.000
1774877519.088,1.000,0.000,1.000,0.000
1774877519.099,1.000,0.000,1.000,0.000
1774877519.109,1.000,0.000,1.000,0.000
1774877519.119,1.000,0.000,1.000,0.000
1774877519.129,1.000,0.000,1.000,0.000
1774877519.139,0.394,0.606,1.000,0.000
1774877519.150,0.669,0.331,1.000,0.000
1774877519.160,1.000,0.000,1.000,0.000
1774877519.170,1.000,0.000,0.458,0.542
1774877519.180,1.000,0.000,1.000,0.000
1774877519.191,1.000,0.000,1.000,0.000
1774877519.201,1.000,0.000,1.000,0.000
1774877519.211,1.000,0.000,1.000,0.000
1774877519.221,1.000,0.000,1.000,0.000
1774877519.232,1.000,0.000,1.000,0.000
1774877519.242,1.000,0.000,1.000,0.000
1774877519.252,0.000,1.000,1.000,0.000
1774877519.262,0.000,1.000,1.000,0.000
1774877519.273,0.000,1.000,1.000,0.000
1774877519.283,0.000,1.000,1.000,0.000
1774877519.293,0.000,1.000,1.000,0.000
1774877519.303,0.000,1.000,1.000,0.000
1774877519.314,0.000,1.000,0.974,0.026
1774877519.324,0.000,1.000,1.000,0.000
1774877519.334,0.000,1.000,1.000,0.000
1774877519.344,0.000,1.000,1.000,0.000
1774877519.355,1.000,0.000,0.905,0.095
1774877519.365,1.000,0.000,1.000,0.000
1774877519.375,1.000,0.000,1.000,0.000
1774877519.385,1.000,0.000,1.000,0.000
1774877519.396,1.000,0.000,0.630,0.370
1774877519.406,1.000,0.000,0.800,0.200
1774877519.416,1.000,0.000,1.000,0.000
1774877519.426,1.000,0.000,1.000,0.000
1774877519.437,1.000,0.000,1.000,0.000
1774877519.447,1.000,0.000,1.000,0.000
1774877519.457,1.000,0.000,1.000,0.000
1774877519.467,1.000,0.000,0.791,0.209
1774877519.477,1.000,0.000,1.000,0.000
1774877519.488,1.000,0.000,1.000,0.000
1774877519.498,0.000,1.000,0.770,0.230
1774877519.508,0.000,1.000,1.000,0.000
1774877519.518,0.000,1.000,1.000,0.000
1774877519.529,0.000,1.000,1.000,0.000
1774877519.539,0.000,1.000,1.000,0.000
1774877519.549,0.000,1.000,1.000,0.000
1774877519.559,0.000,1.000,1.000,0.000
1774877519.570,0.000,1.000,1.000,0.000
1774877519.580,0.000,1.000,1.000,0.000
1774877519.590,0.000,1.000,0.969,0.031
1774877519.600,0.000,1.000,1.000,0.000
1774877519.611,0.000,1.000,1.000,0.000
1774877519.621,1.000,0.000,1.000,0.000
1774877519.631,1.000,0.000,0.377,0.623
1774877519.641,1.000,0.000,1.000,0.000
1774877519.652,1.000,0.000,1.000,0.000
1774877519.662,1.000,0.000,1.000,0.000
1774877519.672,0.594,0.406,1.000,0.000
1774877519.682,1.000,0.000,1.000,0.000
1774877519.693,0.811,0.189,1.000,0.000
1774877519.703,1.000,0.000,1.000,0.000
1774877519.713,1.000,0.000,1.000,0.000
1774877519.723,1.000,0.000,1.000,0.000
1774877519.734,1.000,0.000,1.000,0.000
1774877519.744,1.000,0.000,1.000,0.000
1774877519.754,1.000,0.000,1.000,0.000
1774877519.764,1.000,0.000,1.000,0.000
1774877519.774,1.000,0.000,1.000,0.000
1774877519.785,1.000,0.000,1.000,0.000
1774877519.795,1.000,0.000,1.000,0.000
1774877519.805,0.871,0.129,1.000,0.000
1774877519.815,0.000,1.000,1.000,0.000
1774877519.826,0.000,1.000,1.000,0.000
1774877519.836,0.000,1.000,1.000,0.000
1774877519.846,0.179,0.821,1.000,0.000
1774877519.856,0.000,1.000,1.000,0.000
1774877519.867,0.000,1.000,1.000,0.000
1774877519.877,0.000,1.000,1.000,0.000
1774877519.887,1.000,0.000,1.000,0.000
1774877519.897,1.000,0.000,1.000,0.000
1774877519.908,1.000,0.000,1.000,0.000
1774877519.918,1.000,0.000,1.000,0.000
1774877519.928,0.540,0.460,1.000,0.000
1774877519.938,0.765,0.235,1.000,0.000
1774877519.949,0.724,0.276,0.752,0.248
1774877519.959,1.000,0.000,1.000,0.000
1774877519.969,1.000,0.000,1.000,0.000
1774877519.979,1.000,0.000,1.000,0.000
1774877519.990,1.000,0.000,1.000,0.000
1774877520.000,1.000,0.000,1.000,0.000
1774877520.010,0.000,1.000,1.000,0.000
1774877520.020,0.000,1.000,1.000,0.000
1774877520.031,0.000,1.000,1.000,0.000
1774877520.041,0.000,1.000,1.000,0.000
1774877520.051,0.000,1.000,1.000,0.000
1774877520.061,0.000,1.000,1.000,0.000
1774877520.071,0.000,1.000,1.000,0.000
1774877520.082,0.000,1.000,1.000,0.000
1774877520.092,0.000,1.000,1.000,0.000
1774877520.102,0.000,1.000,1.000,0.000
1774877520.112,0.163,0.837,1.000,0.000
1774877520.123,0.000,1.000,1.000,0.000
1774877520.133,0.000,1.000,1.000,0.000
1774877520.143,0.000,1.000,1.000,0.000
1774877520.153,1.000,0.000,1.000,0.000
1774877520.164,0.916,0.084,1.000,0.000
1774877520.174,1.000,0.000,1.000,0.000
1774877520.184,1.000,0.000,1.000,0.000
1774877520.194,0.413,0.587,1.000,0.000
1774877520.205,1.000,0.000,1.000,0.000
1774877520.215,1.000,0.000,1.000,0.000
1774877520.225,0.839,0.161,1.000,0.000
1774877520.235,0.764,0.236,0.795,0.205
1774877520.246,1.000,0.000,1.000,0.000
1774877520.256,1.000,0.000,0.678,0.322
1774877520.266,1.000,0.000,1.000,0.000
1774877520.276,0.817,0.183,1.000,0.000
1774877520.286,1.000,0.000,0.792,0.208
1774877520.297,1.000,0.000,1.000,0.000
1774877520.307,1.000,0.000,1.000,0.000
1774877520.317,0.997,0.003,1.000,0.000
1774877520.327,0.000,1.000,1.000,0.000
1774877520.338,0.000,1.000,1.000,0.000
1774877520.348,0.000,1.000,1.000,0.000
1774877520.358,0.388,0.612,0.640,0.360
1774877520.368,0.000,1.000,1.000,0.000
1774877520.379,0.000,1.000,1.000,0.000
1774877520.389,0.000,1.000,1.000,0.000
1774877520.399,0.000,1.000,1.000,0.000
1774877520.409,0.215,0.785,1.000,0.000
1774877520.420,1.000,0.000,1.000,0.000
1774877520.430,1.000,0.000,1.000,0.000
1774877520.440,1.000,0.000,0.962,0.038
1774877520.450,1.000,0.000,0.972,0.028
1774877520.461,1.000,0.000,1.000,0.000
1774877520.471,1.000,0.000,1.000,0.000
1774877520.481,1.000,0.000,1.000,0.000
1774877520.491,1.000,0.000,1.000,0.000
1774877520.501,1.000,0.000,1.000,0.000
1774877520.512,1.000,0.000,1.000,0.000
1774877520.522,1.000,0.000,1.000,0.000
1774877520.532,1.000,0.000,1.000,0.000
1774877520.542,1.000,0.000,1.000,0.000
1774877520.553,1.000,0.000,1.000,0.000
1774877520.563,1.000,0.000,1.000,0.000
1774877520.573,1.000,0.000,1.000,0.000
1774877520.583,0.000,1.000,1.000,0.000
1774877520.594,0.000,1.000,1.000,0.000
1774877520.604,0.000,1.000,1.000,0.000
1774877520.614,0.000,1.000,1.000,0.000
1774877520.624,0.000,1.000,0.955,0.045
1774877520.635,0.000,1.000,1.000,0.000
1774877520.645,0.000,1.000,1.000,0.000
1774877520.655,0.000,1.000,1.000,0.000
1774877520.665,0.000,1.000,1.000,0.000
1774877520.676,0.000,1.000,0.823,0.177
1774877520.686,1.000,0.000,0.965,0.035
1774877520.696,1.000,0.000,1.000,0.000
1774877520.706,1.000,0.000,1.000,0.000
1774877520.717,0.000,1.000,1.000,0.000
1774877520.727,0.000,1.000,0.845,0.155
1774877520.737,0.000,1.000,0.972,0.028
1774877520.747,0.000,1.000,1.000,0.000
1774877520.757,0.000,1.000,0.569,0.431
1774877520.768,0.000,1.000,1.000,0.000
1774877520.778,0.000,1.000,1.000,0.000
1774877520.788,0.000,1.000,1.000,0.000
1774877520.798,0.144,0.856,1.000,0.000
1774877520.809,0.000,1.000,1.000,0.000
1774877520.819,0.000,1.000,1.000,0.000
1774877520.829,0.000,1.000,1.000,0.000
1774877520.839,0.000,1.000,1.000,0.000
1774877520.850,0.000,1.000,1.000,0.000
1774877520.860,0.000,1.000,1.000,0.000
1774877520.870,0.000,1.000,1.000,0.000
1774877520.880,0.000,1.000,1.000,0.000
1774877520.891,0.000,1.000,1.000,0.000
1774877520.901,0.000,1.000,1.000,0.000
1774877520.911,0.000,1.000,1.000,0.000
1774877520.921,0.000,1.000,1.000,0.000
1774877520.932,0.000,1.000,1.000,0.000
1774877520.942,0.000,1.000,1.000,0.000
1774877520.952,1.000,0.000,1.000,0.000
1774877520.962,1.000,0.000,0.642,0.358
1774877520.973,1.000,0.000,1.000,0.000
1774877520.983,1.000,0.000,1.000,0.000
1774877520.993,1.000,0.000,1.000,0.000
1774877521.003,1.000,0.000,1.000,0.000
1774877521.013,0.788,0.212,1.000,0.000
1774877521.024,1.000,0.000,1.000,0.000
1774877521.034,1.000,0.000,1.000,0.000
1774877521.044,1.000,0.000,1.000,0.000
1774877521.054,1.000,0.000,1.000,0.000
1774877521.065,1.000,0.000,1.000,0.000
1774877521.075,1.000,0.000,1.000,0.000
1774877521.085,1.000,0.000,1.000,0.000
1774877521.095,1.000,0.000,1.000,0.000
1774877521.105,1.000,0.000,1.000,0.000
1774877521.116,1.000,0.000,1.000,0.000
1774877521.126,1.000,0.000,1.000,0.000
1774877521.136,1.000,0.000,1.000,0.000
1774877521.146,1.000,0.000,1.000,0.000
1774877521.157,0.881,0.119,0.935,0.065
1774877521.167,0.000,1.000,1.000,0.000
1774877521.177,0.000,1.000,1.000,0.000
1774877521.187,0.000,1.000,1.000,0.000
1774877521.198,0.356,0.644,1.000,0.000
1774877521.208,0.000,1.000,1.000,0.000
1774877521.218,1.000,0.000,1.000,0.000
1774877521.228,1.000,0.000,0.828,0.172
1774877521.239,1.000,0.000,1.000,0.000
1774877521.249,1.000,0.000,1.000,0.000
1774877521.259,1.000,0.000,1.000,0.000
1774877521.269,0.906,0.094,0.975,0.025
1774877521.280,1.000,0.000,1.000,0.000
1774877521.290,1.000,0.000,1.000,0.000
1774877521.300,0.440,0.560,1.000,0.000
1774877521.310,1.000,0.000,1.000,0.000
1774877521.321,1.000,0.000,1.000,0.000
1774877521.331,1.000,0.000,1.000,0.000
1774877521.341,1.000,0.000,1.000,0.000
1774877521.351,1.000,0.000,0.921,0.079
1774877521.362,1.000,0.000,1.000,0.000
1774877521.372,1.000,0.000,1.000,0.000
1774877521.382,0.000,1.000,1.000,0.000
1774877521.392,0.000,1.000,1.000,0.000
1774877521.403,0.000,1.000,0.714,0.286
1774877521.413,0.000,1.000,1.000,0.000
1774877521.423,0.000,1.000,1.000,0.000
1774877521.433,0.000,1.000,1.000,0.000
1774877521.444,0.000,1.000,1.000,0.000
1774877521.454,0.000,1.000,1.000,0.000
1774877521.464,0.000,1.000,1.000,0.000
1774877521.474,0.000,1.000,1.000,0.000
1774877521.485,1.000,0.000,1.000,0.000
1774877521.495,1.000,0.000,1.000,0.000
1774877521.505,0.868,0.132,1.000,0.000
1774877521.515,1.000,0.000,1.000,0.000
1774877521.526,1.000,0.000,1.000,0.000
1774877521.536,1.000,0.000,1.000,0.000
1774877521.546,1.000,0.000,1.000,0.000
1774877521.556,1.000,0.000,1.000,0.000
1774877521.567,1.000,0.000,1.000,0.000
1774877521.577,1.000,0.000,1.000,0.000
1774877521.587,0.908,0.092,0.594,0.406
1774877521.597,0.000,1.000,1.000,0.000
1774877521.608,0.000,1.000,1.000,0.000
1774877521.618,0.000,1.000,1.000,0.000
1774877521.628,0.000,1.000,0.557,0.443
1774877521.638,0.000,1.000,0.719,0.281
1774877521.649,0.000,1.000,0.827,0.173
1774877521.659,0.000,1.000,1.000,0.000
1774877521.669,0.000,1.000,0.503,0.497
1774877521.679,0.000,1.000,1.000,0.000
1774877521.690,0.000,1.000,1.000,0.000
1774877521.700,0.000,1.000,1.000,0.000
1774877521.710,0.000,1.000,1.000,0.000
1774877521.720,0.000,1.000,1.000,0.000
1774877521.730,0.000,1.000,1.000,0.000
1774877521.741,0.000,1.000,1.000,0.000
1774877521.751,1.000,0.000,1.000,0.000
1774877521.761,0.677,0.323,1.000,0.000
1774877521.771,1.000,0.000,1.000,0.000
1774877521.782,1.000,0.000,1.000,0.000
1774877521.792,1.000,0.000,0.346,0.654
1774877521.802,1.000,0.000,0.930,0.070
1774877521.812,1.000,0.000,1.000,0.000
1774877521.823,1.000,0.000,1.000,0.000
1774877521.833,1.000,0.000,1.000,0.000
1774877521.843,1.000,0.000,0.915,0.085
1774877521.853,1.000,0.000,1.000,0.000
1774877521.864,1.000,0.000,1.000,0.000
1774877521.874,0.872,0.128,1.000,0.000
1774877521.884,1.000,0.000,1.000,0.000
1774877521.894,1.000,0.000,1.000,0.000
1774877521.905,0.962,0.038,1.000,0.000
1774877521.915,1.000,0.000,0.593,0.407
1774877521.925,1.000,0.000,1.000,0.000
1774877521.935,0.906,0.094,1.000,0.000
1774877521.946,1.000,0.000,1.000,0.000
1774877521.956,1.000,0.000,1.000,0.000
1774877521.966,0.000,1.000,1.000,0.000
1774877521.976,0.000,1.000,1.000,0.000
1774877521.987,0.000,1.000,1.000,0.000
1774877521.997,0.000,1.000,1.000,0.000
1774877522.007,0.000,1.000,1.000,0.000
1774877522.017,1.000,0.000,1.000,0.000
1774877522.027,1.000,0.000,1.000,0.000
1774877522.038,1.000,0.000,1.000,0.000
1774877522.048,0.987,0.013,1.000,0.000
1774877522.058,1.000,0.000,1.000,0.000
1774877522.068,1.000,0.000,0.546,0.454
1774877522.079,0.900,0.100,1.000,0.000
1774877522.089,0.000,1.000,0.096,0.904
1774877522.099,0.000,1.000,1.000,0.000
1774877522.109,0.000,1.000,1.000,0.000
1774877522.120,0.000,1.000,1.000,0.000
1774877522.130,0.000,1.000,1.000,0.000
1774877522.140,0.000,1.000,1.000,0.000
1774877522.150,0.000,1.000,1.000,0.000
1774877522.161,0.000,1.000,1.000,0.000
1774877522.171,0.000,1.000,1.000,0.000
1774877522.181,0.000,1.000,1.000,0.000
1774877522.191,0.000,1.000,1.000,0.000
1774877522.202,0.000,1.000,0.766,0.234
1774877522.212,0.000,1.000,0.779,0.221
1774877522.222,0.000,1.000,1.000,0.000
1774877522.232,0.000,1.000,1.000,0.000
1774877522.243,0.000,1.000,1.000,0.000
1774877522.253,0.000,1.000,0.809,0.191
1774877522.263,0.164,0.836,1.000,0.000
1774877522.273,0.000,1.000,1.000,0.000
1774877522.284,1.000,0.000,1.000,0.000
1774877522.294,1.000,0.000,0.837,0.163
1774877522.304,0.639,0.361,1.000,0.000
1774877522.314,1.000,0.000,1.000,0.000
1774877522.324,1.000,0.000,0.453,0.547
1774877522.335,1.000,0.000,1.000,0.000
1774877522.345,1.000,0.000,0.843,0.157
1774877522.355,1.000,0.000,1.000,0.000
1774877522.365,1.000,0.000,1.000,0.000
1774877522.376,1.000,0.000,1.000,0.000
1774877522.386,1.000,0.000,0.745,0.255
1774877522.396,1.000,0.000,1.000,0.000
1774877522.406,0.949,0.051,0.904,0.096
1774877522.416,0.799,0.201,1.000,0.000
1774877522.426,1.000,0.000,1.000,0.000
1774877522.437,1.000,0.000,1.000,0.000
1774877522.447,1.000,0.000,0.661,0.339
1774877522.457,1.000,0.000,1.000,0.000
1774877522.467,0.000,1.000,1.000,0.000
1774877522.477,0.000,1.000,1.000,0.000
1774877522.487,0.000,1.000,0.931,0.069
1774877522.498,0.000,1.000,1.000,0.000
1774877522.508,0.000,1.000,1.000,0.000
1774877522.518,0.000,1.000,1.000,0.000
1774877522.528,0.000,1.000,0.853,0.147
1774877522.539,0.000,1.000,0.916,0.084
1774877522.549,1.000,0.000,1.000,0.000
1774877522.559,1.000,0.000,0.764,0.236
1774877522.569,0.760,0.240,1.000,0.000
1774877522.580,1.000,0.000,1.000,0.000
1774877522.590,1.000,0.000,1.000,0.000
1774877522.600,1.000,0.000,0.910,0.090
1774877522.610,0.909,0.091,1.000,0.000
1774877522.621,1.000,0.000,1.000,0.000
1774877522.631,1.000,0.000,1.000,0.000
1774877522.641,0.000,1.000,1.000,0.000
1774877522.651,0.000,1.000,1.000,0.000
1774877522.662,0.000,1.000,1.000,0.000
1774877522.672,0.025,0.975,1.000,0.000
1774877522.682,0.368,0.632,1.000,0.000
1774877522.692,0.000,1.000,1.000,0.000
1774877522.702,0.000,1.000,1.000,0.000
1774877522.713,0.000,1.000,1.000,0.000
1774877522.723,0.000,1.000,0.965,0.035
1774877522.733,0.000,1.000,1.000,0.000
1774877522.743,0.000,1.000,1.000,0.000
1774877522.754,0.000,1.000,1.000,0.000
1774877522.764,0.000,1.000,1.000,0.000
1774877522.774,0.000,1.000,1.000,0.000
1774877522.784,0.448,0.552,0.774,0.226
1774877522.795,0.000,1.000,1.000,0.000
1774877522.805,0.000,1.000,1.000,0.000
1774877522.815,1.000,0.000,1.000,0.000
1774877522.825,1.000,0.000,0.759,0.241
1774877522.836,1.000,0.000,0.920,0.080
1774877522.846,1.000,0.000,1.000,0.000
1774877522.856,0.789,0.211,1.000,0.000
1774877522.866,1.000,0.000,1.000,0.000
1774877522.877,1.000,0.000,1.000,0.000
1774877522.887,1.000,0.000,0.953,0.047
1774877522.897,1.000,0.000,0.945,0.055
1774877522.907,0.937,0.063,0.863,0.137
1774877522.917,0.917,0.083,0.910,0.090
1774877522.928,1.000,0.000,1.000,0.000
1774877522.938,1.000,0.000,1.000,0.000
1774877522.948,1.000,0.000,1.000,0.000
1774877522.958,1.000,0.000,1.000,0.000
1774877522.969,1.000,0.000,0.968,0.032
1774877522.979,1.000,0.000,1.000,0.000
1774877522.989,1.000,0.000,1.000,0.000
1774877522.999,0.986,0.014,1.000,0.000
1774877523.010,1.000,0.000,1.000,0.000
1774877523.020,0.000,1.000,1.000,0.000
1774877523.030,0.000,1.000,1.000,0.000
1774877523.040,0.000,1.000,1.000,0.000
1774877523.050,0.137,0.863,1.000,0.000
1774877523.061,0.000,1.000,1.000,0.000
1774877523.071,0.000,1.000,0.748,0.252
1774877523.081,1.000,0.000,1.000,0.000
1774877523.091,0.983,0.017,0.756,0.244
1774877523.102,1.000,0.000,1.000,0.000
1774877523.112,1.000,0.000,0.871,0.129
1774877523.122,1.000,0.000,1.000,0.000
1774877523.132,1.000,0.000,1.000,0.000
1774877523.143,1.000,0.000,1.000,0.000
1774877523.153,0.000,1.000,1.000,0.000
1774877523.163,0.000,1.000,1.000,0.000
1774877523.173,0.000,1.000,1.000,0.000
1774877523.184,0.000,1.000,1.000,0.000
1774877523.194,0.000,1.000,1.000,0.000
1774877523.204,0.000,1.000,1.000,0.000
1774877523.214,0.000,1.000,1.000,0.000
1774877523.225,0.000,1.000,1.000,0.000
1774877523.235,0.000,1.000,1.000,0.000
1774877523.245,0.000,1.000,0.987,0.013
1774877523.255,0.000,1.000,1.000,0.000
1774877523.266,0.000,1.000,0.984,0.016
1774877523.276,0.000,1.000,1.000,0.000
1774877523.286,0.000,1.000,1.000,0.000
1774877523.296,0.000,1.000,1.000,0.000
1774877523.307,0.000,1.000,0.936,0.064
1774877523.317,0.000,1.000,1.000,0.000
1774877523.327,0.000,1.000,0.856,0.144
1774877523.337,0.000,1.000,1.000,0.000
1774877523.347,0.693,0.307,1.000,0.000
1774877523.358,1.000,0.000,1.000,0.000
1774877523.368,1.000,0.000,1.000,0.000
1774877523.378,1.000,0.000,1.000,0.000
1774877523.388,0.408,0.592,1.000,0.000
1774877523.399,1.000,0.000,0.928,0.072
1774877523.409,1.000,0.000,1.000,0.000
1774877523.419,1.000,0.000,1.000,0.000
1774877523.429,1.000,0.000,1.000,0.000
1774877523.440,1.000,0.000,1.000,0.000
1774877523.450,1.000,0.000,1.000,0.000
1774877523.460,1.000,0.000,0.626,0.374
1774877523.470,1.000,0.000,1.000,0.000
1774877523.481,1.000,0.000,1.000,0.000
1774877523.491,1.000,0.000,1.000,0.000
1774877523.501,1.000,0.000,1.000,0.000
1774877523.511,0.786,0.214,1.000,0.000
1774877523.522,1.000,0.000,1.000,0.000
1774877523.532,0.993,0.007,1.000,0.000
1774877523.542,1.000,0.000,1.000,0.000
1774877523.552,0.898,0.102,1.000,0.000
1774877523.563,1.000,0.000,1.000,0.000
1774877523.573,1.000,0.000,1.000,0.000
1774877523.583,1.000,0.000,1.000,0.000
1774877523.593,1.000,0.000,1.000,0.000
1774877523.604,0.000,1.000,1.000,0.000
1774877523.614,1.000,0.000,0.950,0.050
1774877523.624,1.000,0.000,0.873,0.127
1774877523.634,0.972,0.028,1.000,0.000
1774877523.644,1.000,0.000,1.000,0.000
1774877523.655,0.920,0.080,0.839,0.161
1774877523.665,1.000,0.000,1.000,0.000
1774877523.675,1.000,0.000,1.000,0.000
1774877523.685,1.000,0.000,1.000,0.000
1774877523.696,1.000,0.000,1.000,0.000
1774877523.706,1.000,0.000,1.000,0.000
1774877523.716,1.000,0.000,0.977,0.023
1774877523.726,1.000,0.000,1.000,0.000
1774877523.737,1.000,0.000,0.885,0.115
1774877523.747,1.000,0.000,1.000,0.000
1774877523.757,1.000,0.000,1.000,0.000
1774877523.767,1.000,0.000,1.000,0.000
1774877523.777,1.000,0.000,1.000,0.000
1774877523.788,1.000,0.000,1.000,0.000
1774877523.798,1.000,0.000,1.000,0.000
1774877523.808,0.901,0.099,1.000,0.000
1774877523.818,1.000,0.000,1.000,0.000
1774877523.829,0.703,0.297,1.000,0.000
1774877523.839,0.000,1.000,1.000,0.000
1774877523.849,0.000,1.000,1.000,0.000
1774877523.859,0.396,0.604,1.000,0.000
1774877523.870,0.000,1.000,1.000,0.000
1774877523.880,1.000,0.000,1.000,0.000
1774877523.890,1.000,0.000,1.000,0.000
1774877523.900,1.000,0.000,1.000,0.000
1774877523.911,1.000,0.000,1.000,0.000
1774877523.921,1.000,0.000,1.000,0.000
1774877523.931,1.000,0.000,1.000,0.000
1774877523.941,0.566,0.434,1.000,0.000
1774877523.952,1.000,0.000,1.000,0.000
1774877523.962,1.000,0.000,1.000,0.000
1774877523.972,1.000,0.000,0.745,0.255
1774877523.982,1.000,0.000,1.000,0.000
1774877523.993,1.000,0.000,1.000,0.000
1774877524.003,0.000,1.000,1.000,0.000
1774877524.013,0.000,1.000,1.000,0.000
1774877524.023,0.000,1.000,1.000,0.000
1774877524.033,0.000,1.000,1.000,0.000
1774877524.044,0.000,1.000,1.000,0.000
1774877524.054,0.000,1.000,0.654,0.346
1774877524.064,0.000,1.000,1.000,0.000
1774877524.074,0.000,1.000,1.000,0.000
1774877524.085,0.000,1.000,1.000,0.000
1774877524.095,0.000,1.000,1.000,0.000
1774877524.105,0.000,1.000,1.000,0.000
1774877524.115,0.000,1.000,1.000,0.000
1774877524.126,0.000,1.000,1.000,0.000
1774877524.136,0.000,1.000,1.000,0.000
1774877524.146,1.000,0.000,1.000,0.000
1774877524.156,1.000,0.000,1.000,0.000
1774877524.167,1.000,0.000,1.000,0.000
1774877524.177,1.000,0.000,0.257,0.743
1774877524.187,1.000,0.000,1.000,0.000
1774877524.197,1.000,0.000,1.000,0.000
1774877524.208,1.000,0.000,0.619,0.381
1774877524.218,1.000,0.000,1.000,0.000
1774877524.228,1.000,0.000,1.000,0.000
1774877524.238,1.000,0.000,1.000,0.000
1774877524.248,1.000,0.000,1.000,0.000
1774877524.259,1.000,0.000,1.000,0.000
1774877524.269,1.000,0.000,0.902,0.098
1774877524.279,1.000,0.000,1.000,0.000
1774877524.289,1.000,0.000,1.000,0.000
1774877524.300,1.000,0.000,1.000,0.000
1774877524.310,0.000,1.000,1.000,0.000
1774877524.320,0.000,1.000,1.000,0.000
1774877524.330,0.000,1.000,1.000,0.000
1774877524.341,0.000,1.000,0.903,0.097
1774877524.351,0.000,1.000,1.000,0.000
1774877524.361,0.268,0.732,1.000,0.000
1774877524.371,0.000,1.000,1.000,0.000
1774877524.382,0.000,1.000,1.000,0.000
1774877524.392,0.000,1.000,1.000,0.000
1774877524.402,0.000,1.000,1.000,0.000
1774877524.412,1.000,0.000,1.000,0.000
1774877524.423,0.832,0.168,1.000,0.000
1774877524.433,1.000,0.000,1.000,0.000
1774877524.443,1.000,0.000,0.852,0.148
1774877524.453,1.000,0.000,1.000,0.000
1774877524.464,1.000,0.000,1.000,0.000
1774877524.474,1.000,0.000,1.000,0.000
1774877524.484,1.000,0.000,1.000,0.000
1774877524.494,1.000,0.000,1.000,0.000
1774877524.504,1.000,0.000,1.000,0.000
1774877524.515,1.000,0.000,1.000,0.000
1774877524.525,1.000,0.000,1.000,0.000
1774877524.535,1.000,0.000,0.769,0.231
1774877524.545,1.000,0.000,1.000,0.000
1774877524.555,1.000,0.000,1.000,0.000
1774877524.566,1.000,0.000,1.000,0.000
1774877524.576,1.000,0.000,1.000,0.000
1774877524.586,1.000,0.000,1.000,0.000
1774877524.596,1.000,0.000,0.562,0.438
1774877524.606,1.000,0.000,1.000,0.000
1774877524.617,0.000,1.000,0.809,0.191
1774877524.627,0.000,1.000,1.000,0.000
1774877524.637,0.000,1.000,1.000,0.000
1774877524.647,0.000,1.000,1.000,0.000
1774877524.657,0.000,1.000,1.000,0.000
1774877524.668,0.000,1.000,1.000,0.000
1774877524.678,1.000,0.000,0.865,0.135
1774877524.688,1.000,0.000,1.000,0.000
1774877524.698,1.000,0.000,0.679,0.321
1774877524.709,0.520,0.480,0.941,0.059
1774877524.719,1.000,0.000,1.000,0.000
1774877524.729,1.000,0.000,1.000,0.000
1774877524.739,1.000,0.000,1.000,0.000
1774877524.750,1.000,0.000,0.132,0.868
1774877524.760,1.000,0.000,1.000,0.000
1774877524.770,1.000,0.000,1.000,0.000
1774877524.780,1.000,0.000,1.000,0.000
1774877524.791,1.000,0.000,1.000,0.000
1774877524.801,1.000,0.000,0.889,0.111
1774877524.811,0.581,0.419,0.603,0.397
1774877524.821,1.000,0.000,1.000,0.000
1774877524.832,1.000,0.000,1.000,0.000
1774877524.842,1.000,0.000,1.000,0.000
1774877524.852,1.000,0.000,1.000,0.000
1774877524.862,0.952,0.048,0.310,0.690
1774877524.873,0.806,0.194,1.000,0.000
1774877524.883,1.000,0.000,1.000,0.000
1774877524.893,1.000,0.000,1.000,0.000
1774877524.903,0.000,1.000,1.000,0.000
1774877524.914,0.000,1.000,1.000,0.000
1774877524.924,0.000,1.000,1.000,0.000
1774877524.934,0.000,1.000,0.753,0.247
1774877524.944,1.000,0.000,1.000,0.000
1774877524.955,1.000,0.000,1.000,0.000
1774877524.965,1.000,0.000,0.790,0.210
1774877524.975,1.000,0.000,0.830,0.170
1774877524.985,1.000,0.000,1.000,0.000
1774877524.995,1.000,0.000,0.977,0.023
1774877525.006,1.000,0.000,0.931,0.069
1774877525.016,1.000,0.000,0.724,0.276
1774877525.026,1.000,0.000,1.000,0.000
1774877525.036,1.000,0.000,1.000,0.000
1774877525.047,1.000,0.000,0.876,0.124
1774877525.057,1.000,0.000,1.000,0.000
1774877525.067,1.000,0.000,0.871,0.129
1774877525.077,0.426,0.574,1.000,0.000
1774877525.088,1.000,0.000,1.000,0.000
1774877525.098,1.000,0.000,1.000,0.000
1774877525.108,1.000,0.000,1.000,0.000
1774877525.118,1.000,0.000,1.000,0.000
1774877525.129,1.000,0.000,0.833,0.167
1774877525.139,1.000,0.000,1.000,0.000
1774877525.149,0.000,1.000,1.000,0.000
1774877525.159,0.000,1.000,0.980,0.020
1774877525.170,0.000,1.000,1.000,0.000
1774877525.180,0.000,1.000,0.799,0.201
1774877525.190,0.000,1.000,1.000,0.000
1774877525.200,0.000,1.000,1.000,0.000
1774877525.211,1.000,0.000,1.000,0.000
1774877525.221,1.000,0.000,1.000,0.000
1774877525.231,1.000,0.000,1.000,0.000
1774877525.241,1.000,0.000,1.000,0.000
1774877525.252,0.934,0.066,1.000,0.000
1774877525.262,1.000,0.000,1.000,0.000
1774877525.272,1.000,0.000,1.000,0.000
1774877525.282,1.000,0.000,1.000,0.000
1774877525.293,1.000,0.000,1.000,0.000
1774877525.303,1.000,0.000,1.000,0.000
1774877525.313,1.000,0.000,1.000,0.000
1774877525.323,1.000,0.000,1.000,0.000
1774877525.333,0.769,0.231,1.000,0.000
1774877525.344,0.970,0.030,1.000,0.000
1774877525.354,1.000,0.000,1.000,0.000
1774877525.364,1.000,0.000,1.000,0.000
1774877525.374,1.000,0.000,1.000,0.000
1774877525.385,1.000,0.000,1.000,0.000
1774877525.395,0.938,0.062,1.000,0.000
1774877525.405,1.000,0.000,1.000,0.000
1774877525.415,1.000,0.000,1.000,0.000
1774877525.426,1.000,0.000,1.000,0.000
1774877525.436,1.000,0.000,1.000,0.000
1774877525.446,1.000,0.000,1.000,0.000
1774877525.456,0.060,0.940,0.983,0.017
1774877525.467,0.000,1.000,1.000,0.000
1774877525.477,1.000,0.000,0.922,0.078
1774877525.487,1.000,0.000,1.000,0.000
1774877525.497,1.000,0.000,1.000,0.000
1774877525.508,0.928,0.072,1.000,0.000
1774877525.518,1.000,0.000,0.594,0.406
1774877525.528,1.000,0.000,1.000,0.000
1774877525.538,1.000,0.000,1.000,0.000
1774877525.549,1.000,0.000,1.000,0.000
1774877525.559,1.000,0.000,1.000,0.000
1774877525.569,0.847,0.153,1.000,0.000
1774877525.579,1.000,0.000,1.000,0.000
1774877525.590,1.000,0.000,1.000,0.000
1774877525.600,1.000,0.000,1.000,0.000
1774877525.610,1.000,0.000,1.000,0.000
1774877525.620,1.000,0.000,0.391,0.609
1774877525.631,1.000,0.000,1.000,0.000
1774877525.641,1.000,0.000,1.000,0.000
1774877525.651,1.000,0.000,1.000,0.000
1774877525.661,0.000,1.000,1.000,0.000
1774877525.671,0.000,1.000,1.000,0.000
1774877525.682,0.000,1.000,1.000,0.000
1774877525.692,0.000,1.000,0.875,0.125
1774877525.702,0.000,1.000,1.000,0.000
1774877525.712,0.000,1.000,1.000,0.000
1774877525.723,0.000,1.000,1.000,0.000
1774877525.733,0.000,1.000,1.000,0.000
1774877525.743,1.000,0.000,1.000,0.000
1774877525.753,0.895,0.105,1.000,0.000
1774877525.764,0.784,0.216,1.000,0.000
1774877525.774,1.000,0.000,1.000,0.000
1774877525.784,1.000,0.000,1.000,0.000
1774877525.794,1.000,0.000,0.640,0.360
1774877525.805,1.000,0.000,0.791,0.209
1774877525.815,1.000,0.000,1.000,0.000
1774877525.825,0.807,0.193,1.000,0.000
1774877525.835,1.000,0.000,0.657,0.343
1774877525.846,1.000,0.000,0.546,0.454
1774877525.856,1.000,0.000,1.000,0.000
1774877525.866,0.962,0.038,1.000,0.000
1774877525.876,1.000,0.000,1.000,0.000
1774877525.887,1.000,0.000,1.000,0.000
1774877525.897,1.000,0.000,1.000,0.000
1774877525.907,1.000,0.000,1.000,0.000
1774877525.917,1.000,0.000,1.000,0.000
1774877525.927,0.624,0.376,0.670,0.330
1774877525.938,1.000,0.000,0.869,0.131
1774877525.948,1.000,0.000,1.000,0.000
1774877525.958,0.257,0.743,1.000,0.000
1774877525.968,1.000,0.000,1.000,0.000
1774877525.979,1.000,0.000,1.000,0.000
1774877525.989,0.933,0.067,1.000,0.000
1774877525.999,0.000,1.000,1.000,0.000
1774877526.009,1.000,0.000,1.000,0.000
1774877526.019,1.000,0.000,1.000,0.000
1774877526.030,1.000,0.000,1.000,0.000
1774877526.040,1.000,0.000,1.000,0.000
1774877526.050,1.000,0.000,1.000,0.000
1774877526.060,1.000,0.000,1.000,0.000
1774877526.071,0.000,1.000,1.000,0.000
1774877526.081,0.000,1.000,1.000,0.000
1774877526.091,0.000,1.000,1.000,0.000
1774877526.101,0.000,1.000,1.000,0.000
1774877526.112,0.000,1.000,1.000,0.000
1774877526.122,0.000,1.000,1.000,0.000
1774877526.132,0.000,1.000,1.000,0.000
1774877526.142,0.000,1.000,1.000,0.000
1774877526.153,0.000,1.000,1.000,0.000
1774877526.163,0.000,1.000,1.000,0.000
1774877526.173,0.000,1.000,1.000,0.000
1774877526.183,0.000,1.000,1.000,0.000
1774877526.194,0.000,1.000,1.000,0.000
1774877526.204,0.000,1.000,0.701,0.299
1774877526.214,0.178,0.822,0.301,0.699
1774877526.224,0.000,1.000,1.000,0.000
1774877526.235,0.000,1.000,1.000,0.000
1774877526.245,0.000,1.000,1.000,0.000
1774877526.255,0.000,1.000,1.000,0.000
1774877526.265,0.000,1.000,1.000,0.000
1774877526.276,1.000,0.000,1.000,0.000
1774877526.286,1.000,0.000,1.000,0.000
1774877526.296,1.000,0.000,1.000,0.000
1774877526.306,1.000,0.000,1.000,0.000
1774877526.317,1.000,0.000,0.916,0.084
1774877526.327,0.927,0.073,1.000,0.000
1774877526.337,0.659,0.341,1.000,0.000
1774877526.347,1.000,0.000,1.000,0.000
1774877526.358,1.000,0.000,0.943,0.057
1774877526.368,1.000,0.000,1.000,0.000
1774877526.378,1.000,0.000,1.000,0.000
1774877526.388,1.000,0.000,0.300,0.700
1774877526.399,1.000,0.000,1.000,0.000
1774877526.409,1.000,0.000,1.000,0.000
1774877526.419,0.952,0.048,0.518,0.482
1774877526.429,1.000,0.000,1.000,0.000
1774877526.439,1.000,0.000,0.827,0.173
1774877526.449,1.000,0.000,1.000,0.000
1774877526.460,1.000,0.000,1.000,0.000
1774877526.470,0.768,0.232,1.000,0.000
1774877526.480,1.000,0.000,1.000,0.000
1774877526.490,1.000,0.000,0.702,0.298
1774877526.501,0.000,1.000,1.000,0.000
1774877526.511,0.000,1.000,1.000,0.000
1774877526.521,0.000,1.000,1.000,0.000
1774877526.531,0.000,1.000,1.000,0.000
1774877526.542,1.000,0.000,1.000,0.000
1774877526.552,1.000,0.000,1.000,0.000
1774877526.562,1.000,0.000,0.954,0.046
1774877526.572,1.000,0.000,1.000,0.000
1774877526.582,1.000,0.000,1.000,0.000
1774877526.593,1.000,0.000,0.868,0.132
1774877526.603,0.950,0.050,1.000,0.000
1774877526.613,1.000,0.000,1.000,0.000
1774877526.623,1.000,0.000,0.900,0.100
1774877526.633,1.000,0.000,1.000,0.000
1774877526.643,1.000,0.000,1.000,0.000
1774877526.654,1.000,0.000,1.000,0.000
1774877526.664,0.982,0.018,1.000,0.000
1774877526.674,1.000,0.000,1.000,0.000
1774877526.684,0.885,0.115,0.397,0.603
1774877526.695,1.000,0.000,1.000,0.000
1774877526.705,1.000,0.000,1.000,0.000
1774877526.715,1.000,0.000,1.000,0.000
1774877526.725,1.000,0.000,1.000,0.000
1774877526.735,0.932,0.068,1.000,0.000
1774877526.745,1.000,0.000,1.000,0.000
1774877526.756,1.000,0.000,1.000,0.000
1774877526.766,1.000,0.000,1.000,0.000
1774877526.776,1.000,0.000,1.000,0.000
1774877526.786,0.000,1.000,0.838,0.162
1774877526.796,0.000,1.000,1.000,0.000
1774877526.807,1.000,0.000,1.000,0.000
1774877526.817,1.000,0.000,1.000,0.000
1774877526.827,1.000,0.000,1.000,0.000
1774877526.837,1.000,0.000,1.000,0.000
1774877526.848,1.000,0.000,1.000,0.000
1774877526.858,1.000,0.000,1.000,0.000
1774877526.868,1.000,0.000,1.000,0.000
1774877526.878,1.000,0.000,1.000,0.000
1774877526.889,1.000,0.000,1.000,0.000
1774877526.899,0.818,0.182,1.000,0.000
1774877526.909,1.000,0.000,0.940,0.060
1774877526.919,1.000,0.000,1.000,0.000
1774877526.930,0.685,0.315,1.000,0.000
1774877526.940,1.000,0.000,1.000,0.000
1774877526.950,1.000,0.000,1.000,0.000
1774877526.960,1.000,0.000,1.000,0.000
1774877526.970,0.000,1.000,1.000,0.000
1774877526.981,0.000,1.000,1.000,0.000
1774877526.991,0.000,1.000,0.482,0.518
1774877527.001,0.000,1.000,0.785,0.215
1774877527.011,0.000,1.000,0.471,0.529
1774877527.022,0.037,0.963,1.000,0.000
1774877527.032,0.000,1.000,1.000,0.000
1774877527.042,0.000,1.000,1.000,0.000
1774877527.052,0.000,1.000,1.000,0.000
1774877527.063,0.000,1.000,1.000,0.000
1774877527.073,1.000,0.000,0.122,0.878
1774877527.083,0.000,1.000,1.000,0.000
1774877527.093,0.000,1.000,1.000,0.000
1774877527.104,0.000,1.000,1.000,0.000
1774877527.114,0.000,1.000,1.000,0.000
1774877527.124,0.000,1.000,1.000,0.000
1774877527.134,0.000,1.000,0.776,0.224
1774877527.145,0.000,1.000,1.000,0.000
1774877527.155,0.000,1.000,0.779,0.221
1774877527.165,0.019,0.981,1.000,0.000
1774877527.175,0.000,1.000,1.000,0.000
1774877527.186,0.000,1.000,1.000,0.000
1774877527.196,0.000,1.000,1.000,0.000
1774877527.206,0.000,1.000,1.000,0.000
1774877527.216,0.000,1.000,0.868,0.132
1774877527.227,0.000,1.000,1.000,0.000
1774877527.237,0.000,1.000,1.000,0.000
1774877527.247,0.000,1.000,1.000,0.000
1774877527.257,0.069,0.931,1.000,0.000
1774877527.267,0.000,1.000,1.000,0.000
1774877527.278,0.000,1.000,1.000,0.000
1774877527.288,0.000,1.000,1.000,0.000
1774877527.298,0.000,1.000,0.919,0.081
1774877527.308,0.000,1.000,1.000,0.000
1774877527.319,0.000,1.000,1.000,0.000
1774877527.329,0.000,1.000,1.000,0.000
1774877527.339,0.000,1.000,1.000,0.000
1774877527.349,0.000,1.000,1.000,0.000
1774877527.360,0.000,1.000,1.000,0.000
1774877527.370,0.000,1.000,1.000,0.000
1774877527.380,0.000,1.000,1.000,0.000
1774877527.390,0.000,1.000,1.000,0.000
1774877527.401,0.000,1.000,1.000,0.000
1774877527.411,0.000,1.000,0.733,0.267
1774877527.421,0.000,1.000,1.000,0.000
1774877527.431,0.000,1.000,1.000,0.000
1774877527.441,0.000,1.000,1.000,0.000
1774877527.452,0.000,1.000,0.577,0.423
1774877527.462,0.000,1.000,1.000,0.000
1774877527.472,0.000,1.000,0.988,0.012
1774877527.482,0.000,1.000,1.000,0.000
1774877527.493,0.000,1.000,1.000,0.000
1774877527.503,0.000,1.000,1.000,0.000
1774877527.513,0.000,1.000,1.000,0.000
1774877527.523,0.000,1.000,1.000,0.000
1774877527.534,0.000,1.000,0.978,0.022
1774877527.544,0.000,1.000,1.000,0.000
1774877527.554,0.000,1.000,0.749,0.251
1774877527.564,0.000,1.000,1.000,0.000
1774877527.575,0.000,1.000,0.885,0.115
1774877527.585,0.071,0.929,1.000,0.000
1774877527.595,0.000,1.000,1.000,0.000
